object_name,x,y,z,rotation_x,rotation_y,rotation_z,scale_x,scale_y,scale_z
Cone,0.0,0.0,1.0130771398544312,1.5707964897155762,-0.0,0.0,1.0,1.0,1.0
ÉÇÉìÉLÅ[,0.0,3.406787395477295,0.6609788537025452,1.5707964897155762,-0.0,0.0,0.5340180397033691,0.5340180397033691,0.5340180397033691
ïΩñ ,0.0,0.0,0.0,1.5707964897155762,-0.0,0.0,6.445951461791992,6.445951461791992,6.445951461791992
