object_name,x,y,z,rotation_x,rotation_y,rotation_z,scale_x,scale_y,scale_z
Cube,0.0,0.0,0.0,0.0,0.0,0.0,1.0,1.0,1.0
Light,4.076245307922363,1.0054539442062378,5.903861999511719,0.6503279805183411,0.055217113345861435,1.8663908243179321,1.0,1.0,1.0
